,Ticker,Price,NumberSharesToBuy,OneYearPriceReturn,OneYearReturnPercentile,SixMonthPriceReturn,SixMonthReturnPercentile,ThreeMonthPriceReturn,ThreeMonthReturnPercentile,OneMonthPriceReturn,OneMonthReturnPercentile,HQM Score
0,MMM,115.0,N/A,-0.193568182375076,N/A,-0.05476024071717237,N/A,-0.07639464697521649,N/A,-0.0621432276618868,N/A,N/A
1,AOS,60.66999816894531,N/A,-0.10206413264649357,N/A,0.08100497733524527,N/A,-0.0011525108262600136,N/A,0.007639911833037775,N/A,N/A
2,ABT,112.52999877929688,N/A,-0.050469562528112626,N/A,0.10640885347201365,N/A,0.05074826336077714,N/A,-0.008512409516324235,N/A,N/A
3,ABBV,147.69000244140625,N/A,0.037503246548261315,N/A,0.12011781879689382,N/A,-0.07498472804450924,N/A,0.0036617692028753698,N/A,N/A
4,ABMD,381.0199890136719,N/A,0.22616979142687213,N/A,0.5394125387657772,N/A,0.5510053868506086,N/A,0.008549671499229004,N/A,N/A
5,ACN,274.8699951171875,N/A,-0.11703011930613222,N/A,-0.03895978627569522,N/A,-0.08286199063346077,N/A,-0.01197702005808609,N/A,N/A
6,ATVI,75.11000061035156,N/A,-0.07292683491841134,N/A,-0.043062776728372845,N/A,0.01568632467856983,N/A,-0.0014623851178732308,N/A,N/A
7,ADM,85.7699966430664,N/A,0.11405942921380738,N/A,-0.015390483430652396,N/A,-0.11655960043695626,N/A,0.01683459626120768,N/A,N/A
8,ADBE,361.32000732421875,N/A,-0.22742043067319423,N/A,-0.03245499956606593,N/A,0.047516930961244014,N/A,-0.010027956468680353,N/A,N/A
9,AAP,147.27000427246094,N/A,-0.2538525812027342,N/A,-0.10963797092202755,N/A,-0.014331354436056147,N/A,-0.00908350752980505,N/A,N/A
10,AMD,74.69999694824219,N/A,-0.3943570685408396,N/A,-0.11983039318034451,N/A,-0.03774314580497781,N/A,-0.023912215604918383,N/A,N/A
11,AES,26.989999771118164,N/A,0.2978038592389836,N/A,0.06688136688366643,N/A,-0.06673583333624623,N/A,0.00297286971979482,N/A,N/A
12,AFL,72.80000305175781,N/A,0.22268497337417217,N/A,0.2403260969597456,N/A,0.01802163483824975,N/A,0.017612554097088257,N/A,N/A
13,A,155.69000244140625,N/A,0.20216588505991978,N/A,0.21787171507772282,N/A,0.006079487704360358,N/A,-0.02118694309640032,N/A,N/A
14,APD,313.3399963378906,N/A,0.3600507539106911,N/A,0.25646971722616707,N/A,0.015535705030793875,N/A,0.014965000968254977,N/A,N/A
15,AKAM,87.75,N/A,-0.1894513368882205,N/A,-0.028023912422527164,N/A,-0.07495256762180208,N/A,-0.016145334701075556,N/A,N/A
16,ALK,49.72999954223633,N/A,-0.11417883714109976,N/A,0.1416436633247783,N/A,0.048271521539169276,N/A,-0.007385208446181625,N/A,N/A
17,ALB,264.5899963378906,N/A,0.3595265695066825,N/A,-0.009726401623164727,N/A,-0.046683883364950794,N/A,0.015154931965381566,N/A,N/A
18,ARE,158.6199951171875,N/A,-0.13635830414737968,N/A,0.05161197188220811,N/A,0.028014536340653852,N/A,-0.0026408336687344003,N/A,N/A
19,ALGN,252.6300048828125,N/A,-0.5060610622463494,N/A,0.03664344705128124,N/A,0.28460286880126257,N/A,0.004972551419046717,N/A,N/A
20,ALLE,113.38999938964844,N/A,0.0021302489484453864,N/A,0.19748379613440595,N/A,-0.002287744238800247,N/A,0.011597850782678299,N/A,N/A
21,LNT,54.33000183105469,N/A,-0.04821514159138035,N/A,-0.10238013260584843,N/A,-0.034991073405007636,N/A,0.008351907090175463,N/A,N/A
22,ALL,127.26000213623047,N/A,0.06817722923782284,N/A,0.07023791558425227,N/A,-0.04346306927952973,N/A,0.016129066647367782,N/A,N/A
23,GOOGL,97.69999694824219,N/A,-0.27660179033195437,N/A,-0.09720942666602371,N/A,-0.0325774926737338,N/A,-0.02094402192715033,N/A,N/A
24,GOOG,99.20999908447266,N/A,-0.2645173189753147,N/A,-0.09106735961931733,N/A,-0.022079821894054216,N/A,-0.01976089337112576,N/A,N/A
25,MO,44.779998779296875,N/A,-0.05525759077812025,N/A,0.03562323412278657,N/A,-0.018782280451138503,N/A,-0.0006695512848616796,N/A,N/A
26,AMZN,96.31999969482422,N/A,-0.3727655914875985,N/A,-0.24019876748894453,N/A,-0.0022788607687669947,N/A,-0.012305137300550823,N/A,N/A
27,AMCR,11.739999771118164,N/A,0.05052894328681727,N/A,-0.0022455849365390856,N/A,-0.03953985728560208,N/A,-0.021666685740152996,N/A,N/A
28,AEE,86.47000122070312,N/A,0.03267132388495867,N/A,-0.05403846211628776,N/A,-0.025316681032625646,N/A,0.005698974699214371,N/A,N/A
29,AAL,16.020000457763672,N/A,-0.0713043212890625,N/A,0.23325640800875003,N/A,0.11018711843114697,N/A,-0.009276414212896673,N/A,N/A
30,AEP,92.69999694824219,N/A,0.05767512058213343,N/A,-0.05883064662928442,N/A,-0.03336606263054129,N/A,0.0004316132587113915,N/A,N/A
31,AXP,155.3300018310547,N/A,-0.1904248681917285,N/A,0.029364530110891435,N/A,-0.010924545944945971,N/A,0.012132517214205022,N/A,N/A
32,AIG,63.15999984741211,N/A,0.05494683409193608,N/A,0.23394409672646263,N/A,0.005856342192783064,N/A,0.0009508934190485553,N/A,N/A
33,AMT,215.1699981689453,N/A,-0.02667881289359998,N/A,-0.14055420170546104,N/A,-0.02028628599739227,N/A,-0.002318356768419521,N/A,N/A
34,AWK,154.5399932861328,N/A,0.04061026935421527,N/A,0.05037160460050872,N/A,0.023138250854388726,N/A,0.023647029453293267,N/A,N/A
35,AMP,341.0,N/A,0.15682041192495644,N/A,0.283457997169794,N/A,0.03145022395082073,N/A,0.00729625507225264,N/A,N/A
36,ABC,161.42999267578125,N/A,0.14681895904873052,N/A,0.10828710876732046,N/A,-0.05134189314011792,N/A,-0.0017932756785358508,N/A,N/A
37,AME,144.0800018310547,N/A,0.11767938019775236,N/A,0.20301425402952372,N/A,0.013224546996330688,N/A,0.007200270935500817,N/A,N/A
38,AMGN,259.70001220703125,N/A,0.18289826999816167,N/A,0.09657984762554707,N/A,-0.08698053131374016,N/A,-0.004866417625517967,N/A,N/A
39,APH,79.44000244140625,N/A,0.056976815834451404,N/A,0.0862920257216545,N/A,-0.009630751138476265,N/A,0.00671649670130946,N/A,N/A
40,ADI,168.86000061035156,N/A,0.07341141031210907,N/A,0.12471484257724785,N/A,-0.013369129847984579,N/A,-0.004715330864610133,N/A,N/A
41,ANSS,257.6000061035156,N/A,-0.20540422541230594,N/A,0.03745470373522001,N/A,0.012976810901123587,N/A,-0.012232073073676679,N/A,N/A
42,AON,324.3399963378906,N/A,0.11647296595872843,N/A,0.16367984795479024,N/A,0.05209548988642428,N/A,-0.00506148638275086,N/A,N/A
43,APA,44.060001373291016,N/A,0.25897793367458166,N/A,0.13963555153511498,N/A,-0.054316480583670945,N/A,-0.023252382130270338,N/A,N/A
44,AAPL,142.52999877929688,N/A,-0.13179973233226083,N/A,-0.0906707078506853,N/A,-0.03555744893150683,N/A,0.01006305834316001,N/A,N/A
45,AMAT,112.98999786376953,N/A,-0.15024085591552389,N/A,0.207130566203091,N/A,0.03344089572821007,N/A,-0.010248824113590828,N/A,N/A
46,APTV,106.0199966430664,N/A,-0.1809332923100137,N/A,0.13475325159763668,N/A,-0.0060935739855308285,N/A,-0.012389397763944184,N/A,N/A
47,ANET,121.7699966430664,N/A,-0.007822102889341705,N/A,0.015765761035622234,N/A,-0.1258435464798807,N/A,0.021903263685338067,N/A,N/A
48,AJG,197.00999450683594,N/A,0.2601547586060696,N/A,0.09088639350783352,N/A,-0.008006100442166809,N/A,0.005768784949231888,N/A,N/A
49,AIZ,128.83999633789062,N/A,-0.22735264133206726,N/A,-0.1792071251284485,N/A,0.010402819908685515,N/A,-0.007701787031768226,N/A,N/A
50,T,19.15999984741211,N/A,0.13645903298871964,N/A,0.12781576200241745,N/A,0.008126039263629564,N/A,0.017626754089964117,N/A,N/A
51,ATO,114.8499984741211,N/A,0.07193519462945024,N/A,0.0252304749741813,N/A,-0.038508965201497956,N/A,0.011716013657369339,N/A,N/A
52,ADSK,206.42999267578125,N/A,-0.06266177777540667,N/A,0.02324768045461418,N/A,0.022183688018015874,N/A,-0.023001565454025357,N/A,N/A
53,ADP,239.14999389648438,N/A,0.19204755736843346,N/A,-0.012531446434882024,N/A,-0.0902219431287929,N/A,-0.007511673169615025,N/A,N/A
54,AZO,2341.56005859375,N/A,0.25661296893636515,N/A,0.10492122147155554,N/A,-0.09206666979691741,N/A,0.009745790370228437,N/A,N/A
55,AVB,173.08999633789062,N/A,-0.2503672290771944,N/A,-0.12239551218621549,N/A,-0.00048259320582428407,N/A,0.016024863335044975,N/A,N/A
56,AVY,189.89999389648438,N/A,0.0953267017350914,N/A,0.04248578520159888,N/A,-0.01387679979195616,N/A,-0.010422095172545184,N/A,N/A
57,BKR,30.149999618530273,N/A,0.053201409786822314,N/A,0.21071483745178615,N/A,0.04596347180074868,N/A,-0.01438380293765358,N/A,N/A
58,BAC,34.56999969482422,N/A,-0.1996621071145175,N/A,0.041392820341450406,N/A,-0.08131803831890547,N/A,0.007284382349155509,N/A,N/A
59,BBWI,45.279998779296875,N/A,-0.13440203311839014,N/A,0.22683308493243565,N/A,0.07225664609364463,N/A,-0.008973514111082418,N/A,N/A
60,BAX,44.90999984741211,N/A,-0.46219647590728546,N/A,-0.21039751397243614,N/A,-0.20145806352976559,N/A,-0.005095249121537913,N/A,N/A
61,BDX,245.75,N/A,-0.05862581516640588,N/A,-0.019522586938037167,N/A,-0.010745671363680142,N/A,-0.015345788135891138,N/A,N/A
62,BBY,83.62999725341797,N/A,-0.0956046582640756,N/A,0.21058437771956406,N/A,-0.008917306755822555,N/A,-0.007241223003566995,N/A,N/A
63,BIO,457.0,N/A,-0.26992142635594213,N/A,-0.057809681780765836,N/A,0.1019748967140638,N/A,-0.021497105946451663,N/A,N/A
64,TECH,80.1500015258789,N/A,-0.23287432261245444,N/A,-0.03196845587602468,N/A,-0.05598286980849576,N/A,-0.02600558228022379,N/A,N/A
65,BIIB,291.8800048828125,N/A,0.3832520377292208,N/A,0.49390929260074484,N/A,-0.04354952308598632,N/A,-0.0001712321249028587,N/A,N/A
66,BLK,752.0700073242188,N/A,0.03979211102713807,N/A,0.14484327793877733,N/A,0.05761818655768484,N/A,0.005414277274967443,N/A,N/A
67,BK,49.459999084472656,N/A,-0.03824088317530803,N/A,0.2107914887767568,N/A,0.0857719003752071,N/A,0.010071625450799562,N/A,N/A
68,BA,211.97999572753906,N/A,0.032336610051955976,N/A,0.3228080856632703,N/A,0.18504019421517212,N/A,0.009572769896415808,N/A,N/A
69,BKNG,2402.340087890625,N/A,0.10592247112009437,N/A,0.28069474672270495,N/A,0.155276705042497,N/A,0.0003164623876370456,N/A,N/A
70,BWA,44.52000045776367,N/A,0.10403079307842523,N/A,0.19100112603028097,N/A,0.05154641683245394,N/A,-0.003357907260580982,N/A,N/A
71,BXP,70.8499984741211,N/A,-0.3934783210706867,N/A,-0.08289691742512952,N/A,-0.002326359661821606,N/A,-0.004496272348702253,N/A,N/A
72,BSX,45.84000015258789,N/A,0.03780851376210175,N/A,0.13718676732571372,N/A,0.012591113078428641,N/A,-0.00021806590765420487,N/A,N/A
73,BMY,72.33999633789062,N/A,0.08524467526949853,N/A,0.0898611028096681,N/A,-0.091775106735066,N/A,-0.004746212461156307,N/A,N/A
74,AVGO,585.030029296875,N/A,0.027926948162845838,N/A,0.191837350822658,N/A,0.07056124447428795,N/A,0.0058456826255852135,N/A,N/A
75,BR,150.25999450683594,N/A,0.04688934531668931,N/A,-0.11394164656620681,N/A,0.01276925070552324,N/A,0.0007992215110916884,N/A,N/A
76,BRO,58.709999084472656,N/A,-0.12571272952600432,N/A,-0.06538661165957145,N/A,-0.012836577723351835,N/A,-0.05245319638512485,N/A,N/A
77,CHRW,99.08999633789062,N/A,0.04704878527764046,N/A,-0.1223872827307943,N/A,-0.005220402261566678,N/A,0.010503761013061623,N/A,N/A
78,CDNS,182.3800048828125,N/A,0.20438495479093555,N/A,0.049548255732626896,N/A,0.06010237154265884,N/A,-0.005615826611041403,N/A,N/A
79,CZR,51.09000015258789,N/A,-0.39315834812874584,N/A,0.18483305700663563,N/A,0.005510702061190265,N/A,0.014898688870215346,N/A,N/A
80,CPB,51.400001525878906,N/A,0.17815862705394284,N/A,0.03497556621701132,N/A,-0.03594848003894498,N/A,0.003114417353663926,N/A,N/A
81,COF,106.51000213623047,N/A,-0.290585910198372,N/A,0.018223162352592456,N/A,0.03781046454697931,N/A,-0.005694553722096748,N/A,N/A
82,CAH,74.8499984741211,N/A,0.43032317693273897,N/A,0.07304842124467084,N/A,-0.06036233568474073,N/A,-0.008346646194930618,N/A,N/A
83,KMX,66.72000122070312,N/A,-0.3897374910520525,N/A,-0.2455902376878967,N/A,-0.03806227460232221,N/A,-0.009059863266930899,N/A,N/A
84,CCL,10.680000305175781,N/A,-0.4746679613745482,N/A,0.12896408690372294,N/A,0.07552869858514304,N/A,-0.0037313396321503886,N/A,N/A
85,CARR,43.70000076293945,N/A,-0.01003815032907867,N/A,0.12664382437378668,N/A,-0.009560042146701265,N/A,0.009704297492806017,N/A,N/A
86,CTLT,49.56999969482422,N/A,-0.5142101210302793,N/A,-0.4367045489224521,N/A,-0.011170982672234568,N/A,-0.05742537457693963,N/A,N/A
87,CAT,257.6099853515625,N/A,0.40549986126261595,N/A,0.41070042241478066,N/A,0.09487135654172019,N/A,0.02429181484039101,N/A,N/A
88,CBOE,121.56999969482422,N/A,0.03649073873210509,N/A,0.030516219690343724,N/A,-0.04154838217613628,N/A,-0.011867016979263277,N/A,N/A
89,CBRE,83.19999694824219,N/A,-0.1409396152910242,N/A,0.05369804854269963,N/A,0.04522611235088775,N/A,-0.021981929626077156,N/A,N/A
90,CDW,197.13999938964844,N/A,0.1568013400513783,N/A,0.16165963154584978,N/A,0.04834065453988375,N/A,-0.014152131888678981,N/A,N/A
91,CE,122.33000183105469,N/A,-0.101618506009796,N/A,0.11158262327469912,N/A,0.14007454195548275,N/A,-0.005042660696026671,N/A,N/A
92,CNC,75.76000213623047,N/A,-0.08303074778868073,N/A,-0.155783330291154,N/A,-0.12969558322490332,N/A,-0.00039581447334075773,N/A,N/A
93,CNP,30.190000534057617,N/A,0.13005520746224233,N/A,-0.031234295222369094,N/A,-0.023538704610596064,N/A,0.006333351135253906,N/A,N/A
94,CDAY,73.02999877929688,N/A,0.001645797711704962,N/A,0.2245137412253647,N/A,0.06706598734885015,N/A,0.003297126813448571,N/A,N/A
95,CF,84.94000244140625,N/A,0.06284219022748004,N/A,-0.1725668633171792,N/A,-0.21183351004667936,N/A,-0.006781971754288881,N/A,N/A
96,CRL,246.25999450683594,N/A,-0.15421077273848305,N/A,0.19980508894926158,N/A,0.07739417515756801,N/A,-0.024905992749613214,N/A,N/A
97,SCHW,79.25,N/A,-0.05120188454254036,N/A,0.12361274478095219,N/A,-0.03719943463555191,N/A,0.019554825388166164,N/A,N/A
98,CHTR,392.0299987792969,N/A,-0.34854933747577477,N/A,-0.049923674623143455,N/A,0.0018911554555833892,N/A,-0.010050278750993338,N/A,N/A
99,CVX,180.8300018310547,N/A,0.30099881886811797,N/A,0.16338456101427865,N/A,-0.0058981537746070276,N/A,0.0009409839781873478,N/A,N/A
100,CMG,1595.0899658203125,N/A,0.047093571000833945,N/A,-0.0010709437346695424,N/A,-0.019588678198831096,N/A,-0.0014148494695384376,N/A,N/A
101,CB,228.35000610351562,N/A,0.13955528765247352,N/A,0.2177530303771287,N/A,0.04388865482325564,N/A,0.02128901043690543,N/A,N/A
102,CHD,82.72000122070312,N/A,-0.14447791993331485,N/A,-0.0053376651386881965,N/A,0.013963195251309084,N/A,-0.008391236677139783,N/A,N/A
103,CI,308.989990234375,N/A,0.3209583584342998,N/A,0.09812312295213271,N/A,-0.0572796838190205,N/A,0.0026607936233643604,N/A,N/A
104,CINF,105.5,N/A,-0.11940640201365929,N/A,0.10277297468951031,N/A,-0.04300144995208466,N/A,0.0029470249206090403,N/A,N/A
105,CTAS,440.239990234375,N/A,0.1852328262318809,N/A,0.08781873618997735,N/A,-0.04416917571045512,N/A,0.005642235152455792,N/A,N/A
106,CSCO,47.810001373291016,N/A,-0.11397696868419437,N/A,0.08764847648479956,N/A,-0.03073210086612367,N/A,0.014568442887269382,N/A,N/A
107,C,51.41999816894531,N/A,-0.09696019440006474,N/A,0.06566388934347495,N/A,0.07446920785396054,N/A,-0.010773400889239846,N/A,N/A
108,CFG,41.81999969482422,N/A,-0.17677084354904768,N/A,0.16484501724179335,N/A,-0.002975468595150833,N/A,-0.01414423620980584,N/A,N/A
109,CLX,140.97999572753906,N/A,-0.009288870169202046,N/A,-0.014888416575842247,N/A,-0.051597702548756785,N/A,-0.013159770928044332,N/A,N/A
110,CME,173.1300048828125,N/A,-0.2331790871570307,N/A,-0.08155479191915398,N/A,0.012806283296416908,N/A,-0.007054345740040328,N/A,N/A
111,CMS,61.790000915527344,N/A,-0.0066955040705677085,N/A,-0.07153733206954156,N/A,0.020015707780867892,N/A,0.0012964160142860445,N/A,N/A
112,KO,60.54999923706055,N/A,0.001629077750537436,N/A,-0.004634244534299216,N/A,-0.04135466652042926,N/A,0.005312961933526477,N/A,N/A
113,CTSH,63.91999816894531,N/A,-0.2463807824680751,N/A,0.020491320803852377,N/A,0.03217841420871827,N/A,-0.0049813154649043685,N/A,N/A
114,CL,75.94000244140625,N/A,0.011624690143436022,N/A,-0.016474940565237926,N/A,-0.013711769545481974,N/A,0.012153849376546027,N/A,N/A
115,CMCSA,39.75,N/A,-0.12493890659687827,N/A,0.11676023887438132,N/A,0.09332136651320976,N/A,-0.004985184433299202,N/A,N/A
116,CMA,71.16000366210938,N/A,-0.22784884948279502,N/A,-0.09715614005250134,N/A,0.0021958496764893226,N/A,-0.011117223909691547,N/A,N/A
117,CAG,37.2599983215332,N/A,0.095154403833691,N/A,0.10416281608016228,N/A,-0.009967039732539157,N/A,-0.0045418643402754776,N/A,N/A
118,COP,118.80999755859375,N/A,0.31538887841018737,N/A,0.11723372900460312,N/A,-0.028353012526299237,N/A,-0.010988093939931077,N/A,N/A
119,ED,94.05000305175781,N/A,0.13525469119521413,N/A,-0.02145938213922268,N/A,-0.032138262978916914,N/A,0.005344735261241715,N/A,N/A
120,STZ,227.5,N/A,0.06915352559983845,N/A,-0.06911869138770708,N/A,-0.11302423218387823,N/A,0.015625,N/A,N/A
121,CPRT,65.0999984741211,N/A,0.05957031134797335,N/A,0.08817380098471156,N/A,-0.021935083203502185,N/A,0.0037002445499704165,N/A,N/A
122,GLW,35.810001373291016,N/A,-0.08628208931747322,N/A,0.06022926551210563,N/A,0.05775383438676291,N/A,-0.008307926668230154,N/A,N/A
123,CTVA,62.5099983215332,N/A,0.2135679396773095,N/A,0.02241471652370707,N/A,-0.06715081219017925,N/A,0.009854552190911851,N/A,N/A
124,COST,492.1099853515625,N/A,-0.04592674109704941,N/A,-0.055739581049605844,N/A,-0.0874177369465693,N/A,-0.0010150017556854098,N/A,N/A
125,CTRA,25.200000762939453,N/A,0.18136967105097268,N/A,-0.14559883804021462,N/A,-0.07473077879285532,N/A,-0.02249805695336947,N/A,N/A
126,CCI,145.30999755859375,N/A,-0.09487994634881482,N/A,-0.13256605084220385,N/A,0.03864671704678615,N/A,0.0036607182191291973,N/A,N/A
127,CSX,31.860000610351562,N/A,-0.048757305953521395,N/A,0.012916341611982185,N/A,-0.02230576834244586,N/A,-0.005928194422210227,N/A,N/A
128,CMI,247.86000061035156,N/A,0.24724860559647208,N/A,0.16608106884828505,N/A,-0.006901600817771865,N/A,0.02054599412643101,N/A,N/A
129,CVS,86.0199966430664,N/A,-0.15004377252939635,N/A,-0.11220602705174755,N/A,-0.14984176238048857,N/A,-0.0067187451271147995,N/A,N/A
130,DHI,97.0,N/A,0.14928326089513133,N/A,0.3714525862873338,N/A,0.13119533527696792,N/A,0.013795983388524443,N/A,N/A
131,DHR,271.5799865722656,N/A,-0.006549707941812525,N/A,0.008104705384981719,N/A,-0.00573489885383583,N/A,-0.01956683547918547,N/A,N/A
132,DRI,145.97999572753906,N/A,0.04251722882137012,N/A,0.20072852397398117,N/A,0.0013724334515790677,N/A,-0.006132778806186882,N/A,N/A
133,DVA,77.30999755859375,N/A,-0.31444533244696954,N/A,-0.09356317588549593,N/A,0.04855545963193683,N/A,-0.03483147276749005,N/A,N/A
134,DE,416.6700134277344,N/A,0.17164471509525087,N/A,0.14772091944148247,N/A,-0.05252700883536912,N/A,0.017906916390826297,N/A,N/A
135,DAL,38.79999923706055,N/A,-0.02805608675493474,N/A,0.24879303566662173,N/A,0.09697484898942875,N/A,-0.007164856214813129,N/A,N/A
136,XRAY,35.88999938964844,N/A,-0.327539580636944,N/A,0.10428110238577164,N/A,0.19085912725962795,N/A,-0.040630859769137904,N/A,N/A
137,DVN,63.970001220703125,N/A,0.16059480948380325,N/A,-0.05319307025725688,N/A,-0.04612464202694913,N/A,-0.02722020768519931,N/A,N/A
138,DXCM,106.02999877929688,N/A,0.024667177320538823,N/A,0.28974577253490325,N/A,-0.08814929573102959,N/A,-0.0034774693728931777,N/A,N/A
139,FANG,147.24000549316406,N/A,0.137753538559674,N/A,0.1461529160290256,N/A,0.008374205865894203,N/A,-0.014127891021906655,N/A,N/A
140,DLR,107.0,N/A,-0.17463920231682636,N/A,-0.11592851811300557,N/A,-0.037985655154513055,N/A,-0.0020518673586868504,N/A,N/A
141,DFS,111.48999786376953,N/A,-0.07763633002291769,N/A,0.12208706476963847,N/A,0.0346256368255271,N/A,0.010880378441208663,N/A,N/A
142,DISH,14.279999732971191,N/A,-0.553191484917503,N/A,-0.17694527844376184,N/A,-0.11028034817611115,N/A,-0.019230815836259366,N/A,N/A
143,DG,234.1199951171875,N/A,0.191298089129444,N/A,-0.009436357077061216,N/A,-0.0822890128257617,N/A,0.013199410119415687,N/A,N/A
144,DLTR,146.52000427246094,N/A,0.03125001678058671,N/A,0.07989395770814056,N/A,-0.02508476400351087,N/A,-0.029604616584410288,N/A,N/A
145,D,62.47999954223633,N/A,-0.18593619422432073,N/A,-0.221385874791819,N/A,0.03371831007427369,N/A,-0.007781509750164898,N/A,N/A
146,DPZ,339.3399963378906,N/A,-0.20544658331811919,N/A,-0.08178717796056624,N/A,-0.1243931795623105,N/A,-0.0176871201425196,N/A,N/A
147,DOV,143.2100067138672,N/A,-0.07360194048451704,N/A,0.15479215605019073,N/A,0.012546394656578398,N/A,0.010513727634278311,N/A,N/A
148,DOW,58.20000076293945,N/A,0.03726370841817835,N/A,0.17263715639900765,N/A,0.15799544066431045,N/A,0.0027567168312932415,N/A,N/A
149,DTE,113.43000030517578,N/A,-0.03943582712877991,N/A,-0.1167330683918164,N/A,-0.014353286349338856,N/A,-0.002988453440473453,N/A,N/A
150,DUK,101.37000274658203,N/A,0.049121484647596594,N/A,-0.03316026162103429,N/A,0.02492729461930428,N/A,0.003762797216067948,N/A,N/A
151,DD,74.94000244140625,N/A,-0.012211326166172145,N/A,0.3533125484025322,N/A,0.06790955771474172,N/A,-0.0047808844058626985,N/A,N/A
152,DXC,28.010000228881836,N/A,-0.17690269663122873,N/A,0.13034703199088477,N/A,-0.05594876451444413,N/A,-0.03877828361135853,N/A,N/A
153,EMN,90.61000061035156,N/A,-0.2094087044542094,N/A,0.013885004577511562,N/A,0.05552830522886023,N/A,-0.002861253751202824,N/A,N/A
154,ETN,161.69000244140625,N/A,0.07104505599212746,N/A,0.19590527347552356,N/A,-0.0056764514624646125,N/A,0.017430180621548903,N/A,N/A
155,EBAY,46.689998626708984,N/A,-0.1286122322892322,N/A,0.06864423353967852,N/A,0.03269942644886061,N/A,-0.02035252253060582,N/A,N/A
156,ECL,153.6699981689453,N/A,-0.11618036879216026,N/A,-0.0554959549928062,N/A,0.029416553861948695,N/A,-0.004018375423983012,N/A,N/A
157,EIX,67.81999969482422,N/A,0.11761423331089757,N/A,0.023917430537477857,N/A,0.02908212684541685,N/A,0.011785781439866985,N/A,N/A
158,EW,77.11000061035156,N/A,-0.31378482935298296,N/A,-0.1441731196865733,N/A,-0.0018122898336367314,N/A,-0.03684732748190711,N/A,N/A
159,EA,127.48999786376953,N/A,-0.01443290152567844,N/A,0.007854213578952416,N/A,-0.023711485363006553,N/A,0.0006278486724817969,N/A,N/A
160,LLY,346.3900146484375,N/A,0.40477809862078623,N/A,0.15689093412162833,N/A,-0.06393152276927959,N/A,0.012214790034580526,N/A,N/A
161,EMR,89.4800033569336,N/A,-0.014541332794460477,N/A,0.10747917844456151,N/A,-0.06032381881318032,N/A,0.005393296145321278,N/A,N/A
162,ENPH,219.47000122070312,N/A,0.31655672008707486,N/A,-0.2338011473603531,N/A,-0.3154184356102321,N/A,-0.03926633306267752,N/A,N/A
163,ETR,107.2699966430664,N/A,0.05721121556830216,N/A,-0.05226213959237026,N/A,-0.06809749650621723,N/A,0.004871162932706382,N/A,N/A
164,EOG,132.75999450683594,N/A,0.2417861303541896,N/A,0.1350140289156903,N/A,-0.04744596710702855,N/A,-0.004285645456681369,N/A,N/A
165,EFX,221.97999572753906,N/A,0.024696949515663705,N/A,0.18081375825920146,N/A,0.12692525783976985,N/A,-0.0007202829861753887,N/A,N/A
166,EQIX,719.6199951171875,N/A,0.03268866570214397,N/A,0.10482429549055859,N/A,0.04702590218786402,N/A,0.004606862518465324,N/A,N/A
167,EQR,62.599998474121094,N/A,-0.23969137339414118,N/A,-0.127625873013966,N/A,-0.024657362617559648,N/A,0.016233766635888994,N/A,N/A
168,ESS,218.57000732421875,N/A,-0.2871086656072654,N/A,-0.1592811944845312,N/A,0.0020756886566353724,N/A,0.007838853900064112,N/A,N/A
169,EL,277.1600036621094,N/A,-0.055384233908289685,N/A,0.09539981069874717,N/A,0.17903381707109123,N/A,0.009727179579315688,N/A,N/A
170,ETSY,136.67999267578125,N/A,-0.11756734963925755,N/A,0.2941955485831548,N/A,0.03474900798807853,N/A,-0.01753883357565473,N/A,N/A
171,RE,343.5,N/A,0.17848709243554595,N/A,0.291004130687265,N/A,0.021654618573046555,N/A,0.013543407654814509,N/A,N/A
172,EVRG,61.349998474121094,N/A,0.019311644599215683,N/A,-0.0880985904951298,N/A,0.04693773394525274,N/A,0.020119705632736115,N/A,N/A
173,ES,80.25,N/A,0.010735668702898604,N/A,-0.09196825898617536,N/A,-0.02424759378900483,N/A,0.004506203693853185,N/A,N/A
174,EXC,41.5099983215332,N/A,0.006551615338372321,N/A,-0.03931078899589604,N/A,0.012131235552737879,N/A,-0.007412754078268978,N/A,N/A
175,EXPE,115.16999816894531,N/A,-0.4127275620289498,N/A,0.12196781740826387,N/A,0.07796707334873304,N/A,-0.004838893733210372,N/A,N/A
176,EXPD,108.3499984741211,N/A,0.06092331133343752,N/A,0.05931630871780864,N/A,-0.06089040780655851,N/A,-0.004410579333433628,N/A,N/A
177,EXR,152.08999633789062,N/A,-0.16340094311354378,N/A,-0.221379209870236,N/A,-0.044483320684016024,N/A,0.005354293793824386,N/A,N/A
178,XOM,113.80999755859375,N/A,0.5088606457978071,N/A,0.21185177771466487,N/A,0.03041311077084755,N/A,0.009311771926846313,N/A,N/A
179,FFIV,146.47000122070312,N/A,-0.27074933149260505,N/A,-0.06742643895648767,N/A,-0.05264859554695223,N/A,-0.00879747590289599,N/A,N/A
180,FAST,49.58000183105469,N/A,-0.013158893786737662,N/A,-0.008388993561101255,N/A,-0.03746838581572427,N/A,0.012043276839633606,N/A,N/A
181,FRT,110.27999877929688,N/A,-0.021361951976213628,N/A,0.11308304695686029,N/A,0.0032176684219793663,N/A,0.008043850467495676,N/A,N/A
182,FDX,189.25,N/A,-0.1308099768116722,N/A,-0.09126912079266362,N/A,0.045574116656061446,N/A,-0.0099398062105788,N/A,N/A
183,FIS,74.41000366210938,N/A,-0.20133726965214152,N/A,-0.17560169963659275,N/A,0.03222131568193919,N/A,-0.0009398454842806105,N/A,N/A
184,FITB,35.150001525878906,N/A,-0.23870646322239078,N/A,0.05042191923491614,N/A,-0.023429045326522124,N/A,-0.0101378995401415,N/A,N/A
185,FRC,136.2100067138672,N/A,-0.20924978350315285,N/A,-0.10081020830431026,N/A,0.06739288505902571,N/A,-0.011538434707388365,N/A,N/A
186,FE,41.18000030517578,N/A,0.022489078543745215,N/A,0.062467551704436686,N/A,0.008842036559868925,N/A,0.0009723120107145335,N/A,N/A
187,FISV,103.70999908447266,N/A,0.061840903335327324,N/A,0.024903612829988837,N/A,-0.0062284546002046685,N/A,-0.017432533529941126,N/A,N/A
188,FLT,199.57000732421875,N/A,-0.147865030210383,N/A,-0.06097958655020984,N/A,0.017176403814448456,N/A,-0.004191389264713832,N/A,N/A
189,FMC,129.22000122070312,N/A,0.12273110478662962,N/A,0.2070875052569605,N/A,-0.006245988958421759,N/A,0.013649182757688508,N/A,N/A
190,F,12.739999771118164,N/A,-0.254666016638214,N/A,-0.14687926856269373,N/A,-0.07387260000881837,N/A,-0.004687532712704946,N/A,N/A
191,FTNT,51.09000015258789,N/A,-0.25853360254268865,N/A,0.049291468341968306,N/A,-0.03893904628980146,N/A,0.011482911311193287,N/A,N/A
192,FTV,67.23999786376953,N/A,0.04309885996586869,N/A,0.06403331345502863,N/A,-0.0035267222818137385,N/A,0.005533050725146139,N/A,N/A
193,FBHS,56.83000183105469,N/A,-0.3354274693510007,N/A,-0.04274387594928722,N/A,0.06306825613606913,N/A,-0.12647479064915182,N/A,N/A
194,FOXA,32.66999816894531,N/A,-0.2087106610634925,N/A,-0.03716424392508308,N/A,0.006779580919366706,N/A,0.0,N/A,N/A
195,FOX,30.6299991607666,N/A,-0.18797351951641697,N/A,-0.023616480932817832,N/A,0.0036041514204809993,N/A,-0.0019550789262590693,N/A,N/A
196,BEN,29.93000030517578,N/A,0.05420071569296495,N/A,0.17618593642920066,N/A,0.1293254600748602,N/A,-0.013838552586983738,N/A,N/A
197,FCX,44.59000015258789,N/A,-0.03364524705866986,N/A,0.5193234754303813,N/A,0.12407221256993235,N/A,-0.0047147685108434485,N/A,N/A
198,GPS,13.319999694824219,N/A,-0.028510004717283634,N/A,0.5031582178290493,N/A,-0.0715602272654756,N/A,0.0014477113491148282,N/A,N/A
199,GRMN,98.16000366210938,N/A,-0.08458440215188366,N/A,0.12696613161439693,N/A,0.06361355843930384,N/A,-0.0035529232213098254,N/A,N/A
200,IT,332.92999267578125,N/A,0.1872547490679689,N/A,0.16686521845438504,N/A,-0.04977595879913498,N/A,-6.0127738447270816e-05,N/A,N/A
201,GNRC,114.38999938964844,N/A,-0.63739817115092,N/A,-0.4810126696199806,N/A,0.08405992256222147,N/A,-0.014304210413239028,N/A,N/A
202,GD,235.4499969482422,N/A,0.026516139315789444,N/A,0.03975690479817952,N/A,-0.06213225627365342,N/A,0.018319850393849924,N/A,N/A
203,GE,80.69999694824219,N/A,0.08702624738135085,N/A,0.41074312382578504,N/A,0.20363588157212734,N/A,0.011658522556257581,N/A,N/A
204,GIS,77.01000213623047,N/A,0.17418316380485946,N/A,0.016136200850349294,N/A,-0.09147912365629192,N/A,0.001251036206547149,N/A,N/A
205,GM,36.20000076293945,N/A,-0.22167513987248566,N/A,-0.04832919805979605,N/A,-0.10551026263817555,N/A,-0.006586110669982927,N/A,N/A
206,GPC,165.44000244140625,N/A,0.38780848576822113,N/A,0.07179605195261204,N/A,-0.09315644116874623,N/A,0.01684084538757372,N/A,N/A
207,GILD,84.0199966430664,N/A,0.4545351644411795,N/A,0.34989088268577156,N/A,-0.03544548771901183,N/A,0.009491688745282275,N/A,N/A
208,GPN,112.29000091552734,N/A,-0.15104929495574265,N/A,-0.09208039421202041,N/A,0.08477529537459713,N/A,-0.010050245848376495,N/A,N/A
209,GL,119.43000030517578,N/A,0.19232029216625868,N/A,0.2333719955527811,N/A,-0.0026895776001049938,N/A,0.0168920872132808,N/A,N/A
210,GS,348.3299865722656,N/A,0.04755465919598382,N/A,0.06189748841633395,N/A,-0.09202546957176251,N/A,-0.0023200665698187685,N/A,N/A
211,HAL,39.84000015258789,N/A,0.20472200702543802,N/A,0.331994216105309,N/A,0.054961913025735096,N/A,-0.017993580175684816,N/A,N/A
212,HBI,8.020000457763672,N/A,-0.4489849218757883,N/A,-0.04361492945028426,N/A,0.2203320078308306,N/A,-0.0290556615578512,N/A,N/A
213,HAS,63.81999969482422,N/A,-0.32419952728790974,N/A,-0.18159130650960031,N/A,0.015918497371186564,N/A,-0.018304913125715073,N/A,N/A
214,HCA,252.67999267578125,N/A,0.019840584819992024,N/A,0.2833958408380573,N/A,0.05430147585714334,N/A,-0.0421894734309319,N/A,N/A
215,PEAK,27.200000762939453,N/A,-0.0863411511974101,N/A,0.06115563938593519,N/A,0.04891283840921567,N/A,-0.0040277812213107625,N/A,N/A
216,HSIC,80.75,N/A,-0.06517709461023623,N/A,0.09998632300408355,N/A,-0.0021008177557096477,N/A,-0.006520654370775814,N/A,N/A
217,HES,153.8800048828125,N/A,0.5421418346045129,N/A,0.28145566800998234,N/A,0.07226520634078126,N/A,-0.008249540790707362,N/A,N/A
218,HPE,16.170000076293945,N/A,0.04867931639771315,N/A,0.20861183317303308,N/A,-0.02923226012344179,N/A,0.0,N/A,N/A
219,HLT,140.24000549316406,N/A,-0.054686393508635425,N/A,0.10363655041687013,N/A,-0.015558866742780415,N/A,0.001714324951171875,N/A,N/A
220,HOLX,81.58999633789062,N/A,0.1464099822541801,N/A,0.2076672481689904,N/A,0.07129716931044142,N/A,-0.0004900271575798546,N/A,N/A
221,HD,317.69000244140625,N/A,0.031196109572361425,N/A,0.11537799717096504,N/A,-0.013512892432933753,N/A,0.007005171098380299,N/A,N/A
222,HON,206.92999267578125,N/A,0.11309819830016796,N/A,0.10367962003383951,N/A,-0.052865662716782724,N/A,0.01208053350683246,N/A,N/A
223,HRL,44.599998474121094,N/A,-0.043066666164666936,N/A,-0.10261938917505398,N/A,-0.04542213186696549,N/A,0.004818765382272764,N/A,N/A
224,HST,18.1299991607666,N/A,0.025556202671550895,N/A,0.048900398976142206,N/A,-0.023029869854363186,N/A,0.009465483572374964,N/A,N/A
225,HWM,39.40999984741211,N/A,0.10027033109088708,N/A,0.11419324188857846,N/A,0.04737612440333515,N/A,-0.0005072396045872339,N/A,N/A
226,HPQ,28.399999618530273,N/A,-0.1471837746011636,N/A,0.00708016950580916,N/A,-0.045947626424708385,N/A,-0.00699303357593785,N/A,N/A
227,HUM,500.3500061035156,N/A,0.15969469249199977,N/A,0.04179753893730032,N/A,-0.08871382541934918,N/A,0.011727870698027216,N/A,N/A
228,HBAN,14.680000305175781,N/A,-0.010777274354613797,N/A,0.12019803504823305,N/A,-0.040859516112188514,N/A,-0.0040705201407090184,N/A,N/A
229,HII,220.14999389648438,N/A,0.10144997240219958,N/A,-0.033970699638824126,N/A,-0.04577868136868449,N/A,0.010140366294949854,N/A,N/A
230,IBM,141.49000549316406,N/A,0.21220431184279537,N/A,0.12869522995547816,N/A,-0.038435358559601895,N/A,-0.002608170841643866,N/A,N/A
231,IEX,232.35000610351562,N/A,0.22551471925647998,N/A,0.16119004194220607,N/A,-0.019143819751092597,N/A,0.009025126148931181,N/A,N/A
232,IDXX,486.70001220703125,N/A,-0.08575179012389558,N/A,0.40009210932460304,N/A,0.14283705775774372,N/A,-0.019026891931092055,N/A,N/A
233,ITW,229.35000610351562,N/A,0.08721609070457231,N/A,0.19250666936416413,N/A,0.014292713079530976,N/A,0.001484701999193918,N/A,N/A
234,ILMN,215.14999389648438,N/A,-0.3412431418378702,N/A,0.06700056808039,N/A,-0.013435472808002691,N/A,-0.005684494678675493,N/A,N/A
235,INCY,83.63999938964844,N/A,0.2245973009147007,N/A,0.18756210460362407,N/A,0.04983056749021739,N/A,0.0019165791360926552,N/A,N/A
236,IR,56.380001068115234,N/A,0.1178258676876869,N/A,0.19108150696197426,N/A,0.04503313880540502,N/A,0.008767251454963366,N/A,N/A
237,INTC,29.920000076293945,N/A,-0.34785045078468574,N/A,-0.040406182675886415,N/A,0.008450330274344674,N/A,-0.01156261566490853,N/A,N/A
238,ICE,106.25,N/A,-0.15880131845619408,N/A,0.06136059532647409,N/A,-0.015502735566865315,N/A,-0.02226923906985835,N/A,N/A
239,IFF,110.83999633789062,N/A,-0.14195438047986703,N/A,0.019469754357107946,N/A,0.055668948254199324,N/A,-0.01650399876413283,N/A,N/A
240,IP,36.75,N/A,-0.118612409444024,N/A,-0.09615287186409689,N/A,0.002706554307817783,N/A,-0.019215404249981877,N/A,N/A
241,IPG,36.47999954223633,N/A,0.027329748767028723,N/A,0.3448730493882615,N/A,0.07075002225361054,N/A,-0.0008216592899480371,N/A,N/A
242,INTU,401.54998779296875,N/A,-0.14761462771629213,N/A,-0.06637120890403547,N/A,-0.012826660992803938,N/A,-0.018629349791852007,N/A,N/A
243,ISRG,257.9800109863281,N/A,-0.11142485131443808,N/A,0.25391272527646447,N/A,-0.0458966788335173,N/A,0.007813170138958226,N/A,N/A
244,IVZ,18.520000457763672,N/A,-0.09297696640475525,N/A,0.14917500436126777,N/A,-0.01971134741691516,N/A,-0.0201057761077432,N/A,N/A
245,IPGP,110.9800033569336,N/A,-0.14859993739624083,N/A,0.22508011748880646,N/A,0.21915857239552097,N/A,-0.0007202791591810759,N/A,N/A
246,IQV,225.77999877929688,N/A,-0.018859709846945297,N/A,0.061694699949472215,N/A,0.03559303896324222,N/A,-0.012983611893784153,N/A,N/A
247,IRM,52.150001525878906,N/A,0.11228055016466391,N/A,0.013883221516130617,N/A,-0.02930666922662692,N/A,-0.0017228206297127374,N/A,N/A
248,JBHT,191.8800048828125,N/A,-0.045867533382368854,N/A,0.10775064843907738,N/A,0.045945920768256196,N/A,-0.008986624719837844,N/A,N/A
249,JKHY,178.42999267578125,N/A,0.019818704137501593,N/A,-0.06686714222422535,N/A,-0.05518063903679649,N/A,-0.011249107628066735,N/A,N/A
250,J,121.3499984741211,N/A,-0.006031333010584047,N/A,-0.023894883280731156,N/A,-0.0410147179062443,N/A,0.0053019583671818854,N/A,N/A
251,SJM,149.60000610351562,N/A,0.14244174461667752,N/A,0.08422273520186796,N/A,-0.02197453052126751,N/A,0.012863975589242894,N/A,N/A
252,JNJ,168.30999755859375,N/A,0.04959660851604878,N/A,0.056988586529005236,N/A,-0.048335046791381564,N/A,0.0,N/A,N/A
253,JCI,68.05999755859375,N/A,0.07434619048763152,N/A,0.2726286044276855,N/A,0.02994411297385804,N/A,0.019930977592584866,N/A,N/A
254,JPM,138.4499969482422,N/A,0.008586614010430168,N/A,0.23732104975100396,N/A,0.009355056637494781,N/A,0.01604629165223524,N/A,N/A
255,JNPR,32.0099983215332,N/A,-0.026960720365697865,N/A,0.14208342806768665,N/A,-0.03061614440433213,N/A,0.005023483144338142,N/A,N/A
256,K,67.66999816894531,N/A,0.09437772522002723,N/A,-0.05443557973114184,N/A,-0.0647568659844775,N/A,0.005647157798303483,N/A,N/A
257,KEY,17.93000030517578,N/A,-0.2563270062413894,N/A,0.03556132796191093,N/A,-0.03640322193771385,N/A,-0.00774761438919877,N/A,N/A
258,KEYS,180.2100067138672,N/A,0.1451357457288576,N/A,0.09957903096587326,N/A,-0.003759150191141872,N/A,-0.0018831145507826944,N/A,N/A
259,KMB,134.6300048828125,N/A,0.07185602154521094,N/A,0.07457266700849247,N/A,0.0011222911577957707,N/A,0.002980028071261946,N/A,N/A
260,KIM,21.940000534057617,N/A,-0.03198301833108347,N/A,0.06254574153734796,N/A,-0.0326394889578206,N/A,0.0036596487407311237,N/A,N/A
261,KMI,18.56999969482422,N/A,0.11747387355663387,N/A,0.029556084525719267,N/A,-0.028765748967991757,N/A,-0.010127960114046432,N/A,N/A
262,KLAC,423.1400146484375,N/A,0.22999991306450632,N/A,0.23813016560935674,N/A,0.07997396307770005,N/A,-0.00573328634055447,N/A,N/A
263,KHC,39.81999969482422,N/A,0.05807217646189498,N/A,0.08692427444921907,N/A,0.022441443763082842,N/A,-0.010928928093711557,N/A,N/A
264,KR,44.2599983215332,N/A,-0.03566828498290466,N/A,-0.06649466503692347,N/A,-0.09522913116756414,N/A,-0.009843454897008722,N/A,N/A
265,LHX,194.72000122070312,N/A,-0.2134232184066747,N/A,-0.13810895613829327,N/A,-0.13814690884139,N/A,0.002419568703748391,N/A,N/A
266,LH,253.99000549316406,N/A,-0.05555387230260606,N/A,0.13395455458933248,N/A,0.058314297587330456,N/A,-0.014893461889954671,N/A,N/A
267,LRCX,487.5,N/A,-0.11918184662370135,N/A,0.12171976807792155,N/A,0.03585664087508306,N/A,-0.006683236455143083,N/A,N/A
268,LW,96.9800033569336,N/A,0.4795648148094261,N/A,0.22656702465202908,N/A,0.11917751122315186,N/A,0.008842256608775701,N/A,N/A
269,LVS,55.470001220703125,N/A,0.29421372913620514,N/A,0.4740898125486404,N/A,0.18424425789926968,N/A,0.0014443370994085738,N/A,N/A
270,LEG,34.61000061035156,N/A,-0.019993726441751826,N/A,-0.07170817877242444,N/A,-0.015239853375782517,N/A,-0.008309481456965079,N/A,N/A
271,LDOS,97.30000305175781,N/A,-0.030684598583995894,N/A,0.031144706484946563,N/A,-0.10701646395826934,N/A,0.009650309003532385,N/A,N/A
272,LEN,99.08999633789062,N/A,0.11862816179240628,N/A,0.28557412682795497,N/A,0.12820214359661622,N/A,0.015995053605239024,N/A,N/A
273,LNC,32.529998779296875,N/A,-0.4977876859294941,N/A,-0.27694055562051495,N/A,-0.15266296460211284,N/A,0.032716820820529395,N/A,N/A
274,LIN,328.6300048828125,N/A,0.13796439857499615,N/A,0.1707080020364586,N/A,-0.01992193085213033,N/A,0.0065546102865244454,N/A,N/A
275,LYV,77.0,N/A,-0.3626882950298618,N/A,-0.14785303807115127,N/A,0.05827374572956817,N/A,0.013958355603314898,N/A,N/A
276,LKQ,57.40999984741211,N/A,0.24734618471965,N/A,0.08917976906013772,N/A,0.06203470180585644,N/A,0.002969919006995144,N/A,N/A
277,LMT,449.2300109863281,N/A,0.06276218685850969,N/A,0.08311723037384855,N/A,-0.06834168977821771,N/A,0.018015800011383233,N/A,N/A
278,L,60.22999954223633,N/A,-0.013969049650481801,N/A,0.09133780722215852,N/A,0.03691938605495453,N/A,0.010909662490860221,N/A,N/A
279,LOW,206.41000366210938,N/A,-0.052036802367061784,N/A,0.06898485095495778,N/A,-0.028887317344113577,N/A,0.006338077362826567,N/A,N/A
280,LUMN,5.289999961853027,N/A,-0.45343880867672776,N/A,-0.45624170498991146,N/A,-0.03290673404803119,N/A,0.027184439590890393,N/A,N/A
281,LYB,92.73999786376953,N/A,0.049119789589445156,N/A,0.14770501805360242,N/A,0.10586950819916723,N/A,-0.002151975170893836,N/A,N/A
282,MTB,154.94000244140625,N/A,-0.1263173989108295,N/A,-0.13595176240636564,N/A,-0.08225211361831608,N/A,0.001163142549493702,N/A,N/A
283,MRO,27.850000381469727,N/A,0.2498491125265749,N/A,0.09508335923278427,N/A,-0.08823576428067866,N/A,-0.00889679703224702,N/A,N/A
284,MPC,130.2100067138672,N/A,0.7156763420856499,N/A,0.3084218634176925,N/A,0.07565320512384181,N/A,0.026245346252634104,N/A,N/A
285,MKTX,329.5199890136719,N/A,-0.127369623002758,N/A,0.3328323865954306,N/A,0.23345728779951522,N/A,-0.013531371738790222,N/A,N/A
286,MAR,169.6300048828125,N/A,0.003142379459103588,N/A,0.10811220839328159,N/A,0.02844715550647882,N/A,0.0036090438701459207,N/A,N/A
287,MMC,173.49000549316406,N/A,0.1282761772912836,N/A,0.07910541764051678,N/A,0.0017901191274629668,N/A,-0.00011520381709819877,N/A,N/A
288,MLM,346.4200134277344,N/A,-0.08042859846238694,N/A,4.4753833214268756e-05,N/A,-0.052988787775465854,N/A,-0.0071933605615241486,N/A,N/A
289,MAS,51.119998931884766,N/A,-0.06794024323914528,N/A,0.016436155506953258,N/A,0.012923450391562218,N/A,-0.00019562167067323027,N/A,N/A
290,MA,380.010009765625,N/A,0.05968376372264301,N/A,0.175327146557127,N/A,0.06797630654657556,N/A,0.005432914096395913,N/A,N/A
291,MTCH,50.849998474121094,N/A,-0.5439052879321508,N/A,-0.10047763006950536,N/A,0.005735701996702732,N/A,-0.023430021660330327,N/A,N/A
292,MKC,78.5999984741211,N/A,-0.1591913814957709,N/A,-0.05584073197905819,N/A,-0.07290456682460429,N/A,-0.0006357666978729753,N/A,N/A
293,MCD,269.55999755859375,N/A,0.1259435320250692,N/A,0.08039471299082569,N/A,-0.0062753678200308215,N/A,0.0010025957336134753,N/A,N/A
294,MCK,376.5,N/A,0.3775475578561171,N/A,0.028864905039032503,N/A,-0.012174358645870033,N/A,0.003919689692792316,N/A,N/A
295,MDT,80.80000305175781,N/A,-0.20663169257760736,N/A,-0.06539398228270421,N/A,0.031361191704834056,N/A,-0.019060333161022826,N/A,N/A
296,MRK,108.5199966430664,N/A,0.4626329656236446,N/A,0.29006138341233,N/A,-0.008000405617042834,N/A,-0.012377144560851887,N/A,N/A
297,MET,70.97000122070312,N/A,0.08166493640835584,N/A,0.11955468052839985,N/A,-0.06842152279188526,N/A,0.003960938882820965,N/A,N/A
298,MTD,1534.75,N/A,0.08944873478367037,N/A,0.26581499550162335,N/A,0.04436017502315046,N/A,-0.02659388860298527,N/A,N/A
299,MGM,40.279998779296875,N/A,-0.09023383970385444,N/A,0.234280520276599,N/A,0.092873597147373,N/A,0.009523740322954744,N/A,N/A
300,MCHP,75.72000122070312,N/A,0.09442194778279907,N/A,0.17052893083259366,N/A,-0.0395714367693015,N/A,-0.007731573276982523,N/A,N/A
301,MU,61.2599983215332,N/A,-0.30527048088230063,N/A,0.08843006585775029,N/A,0.06503735271289733,N/A,-0.009058579360327963,N/A,N/A
302,MSFT,242.0399932861328,N/A,-0.18234225212093244,N/A,-0.06973143706878776,N/A,-0.04867089903870518,N/A,-0.0022261049585528695,N/A,N/A
303,MAA,161.24000549316406,N/A,-0.18789169127630045,N/A,-0.009650519081731614,N/A,-0.013476880338772377,N/A,0.03458807640797196,N/A,N/A
304,MRNA,196.75999450683594,N/A,0.2809894966685972,N/A,0.4875632278769196,N/A,0.11852646473008746,N/A,-0.0009140242324505333,N/A,N/A
305,MHK,116.5999984741211,N/A,-0.17175735555363347,N/A,0.056542205774364876,N/A,0.15069571071878338,N/A,0.005085736807398665,N/A,N/A
306,TAP,51.470001220703125,N/A,0.015144001675084598,N/A,0.01047709238349976,N/A,-0.059565107780009965,N/A,0.02755043050332147,N/A,N/A
307,MDLZ,64.83999633789062,N/A,0.01394856518783449,N/A,0.06127437345166968,N/A,-0.03541342677096076,N/A,0.007457982022794772,N/A,N/A
308,MPWR,419.1300048828125,N/A,-0.07934872514681664,N/A,-0.07125648432485829,N/A,0.09973776630444749,N/A,-0.02188981510126899,N/A,N/A
309,MNST,103.0199966430664,N/A,0.2206160519023,N/A,0.159743268259744,N/A,0.0015554737678928436,N/A,0.02906798536582912,N/A,N/A
310,MCO,315.3599853515625,N/A,-0.011587054705769768,N/A,0.11348110979210389,N/A,0.05983830611564227,N/A,-0.015084846662967335,N/A,N/A
311,MS,95.51000213623047,N/A,0.08206602937356759,N/A,0.13161502649495288,N/A,0.02621685236281292,N/A,-0.01667862826105962,N/A,N/A
312,MSI,256.2300109863281,N/A,0.1787867537038796,N/A,0.05954887419197543,N/A,-0.055559073838459525,N/A,-0.0022973145435113726,N/A,N/A
313,MSCI,519.8400268554688,N/A,0.04630072848045374,N/A,0.16309291534928563,N/A,0.026391775859377225,N/A,0.009437350132125509,N/A,N/A
314,NDAQ,61.91999816894531,N/A,0.09986007102085138,N/A,0.04656984064074078,N/A,-0.09288021929199534,N/A,-0.006418509753492939,N/A,N/A
315,NTAP,66.86000061035156,N/A,-0.12118515155000695,N/A,-0.05851168234314453,N/A,-0.0030439473092345355,N/A,0.0058826547483920005,N/A,N/A
316,NFLX,363.8299865722656,N/A,-0.0777907413972444,N/A,0.6274377820070782,N/A,0.19081591996170044,N/A,0.017934007340714462,N/A,N/A
317,NWL,15.75,N/A,-0.3025835755875333,N/A,-0.09096797645234778,N/A,0.23600857860306718,N/A,-0.013775846170961854,N/A,N/A
318,NEM,53.38999938964844,N/A,-0.16036748367032536,N/A,0.3235588028885931,N/A,0.13799331735661075,N/A,-0.004475138424143825,N/A,N/A
319,NWSA,19.530000686645508,N/A,-0.11581431845518045,N/A,0.160847395714884,N/A,0.019843398208088253,N/A,-0.0010229437951653833,N/A,N/A
320,NWS,19.90999984741211,N/A,-0.10320173225986923,N/A,0.1613422678416665,N/A,0.023650337605597975,N/A,-0.0010035352462326754,N/A,N/A
321,NEE,83.9000015258789,N/A,0.09479587378111591,N/A,-0.003820234469925256,N/A,-0.004414387099560272,N/A,0.014878473257250417,N/A,N/A
322,NKE,126.83000183105469,N/A,-0.06120344732750797,N/A,0.19854126281472514,N/A,0.15980758922600688,N/A,-0.011380400120700133,N/A,N/A
323,NI,27.31999969482422,N/A,-0.023743200099564432,N/A,-0.06555650267026765,N/A,-0.022190437630008095,N/A,0.008490200846837442,N/A,N/A
324,NSC,255.8800048828125,N/A,0.017252838044906443,N/A,0.0635184795854591,N/A,0.00310123991573624,N/A,-0.002183737144214477,N/A,N/A
325,NTRS,94.7699966430664,N/A,-0.14320329318249697,N/A,0.013102391607109477,N/A,0.02660571233998663,N/A,0.00232674335492265,N/A,N/A
326,NOC,459.30999755859375,N/A,0.05401491424237104,N/A,-0.03250229730298718,N/A,-0.13586174862791864,N/A,0.018719370401245206,N/A,N/A
327,NCLH,15.430000305175781,N/A,-0.20831192989334016,N/A,0.17966363877499805,N/A,-0.06143553504085891,N/A,-0.005798978732817579,N/A,N/A
328,NRG,32.900001525878906,N/A,-0.10701661617890941,N/A,-0.1967098827301256,N/A,-0.2249705315764818,N/A,0.014805779890308032,N/A,N/A
329,NUE,154.02999877929688,N/A,0.18969040501997114,N/A,0.1685278358114966,N/A,0.031127991310116045,N/A,0.0011699230980864875,N/A,N/A
330,NVDA,192.64999389648438,N/A,-0.2092264668256501,N/A,0.277040815913683,N/A,0.1386828068998234,N/A,0.0037513741894389108,N/A,N/A
331,NVR,5039.18994140625,N/A,0.01628536413755547,N/A,0.2171779805334289,N/A,0.08626413739125528,N/A,0.003764703273454577,N/A,N/A
332,NXPI,173.1699981689453,N/A,-0.07067937896525764,N/A,0.06309741959138145,N/A,-0.010386915365958765,N/A,0.0008091047254008794,N/A,N/A
333,ORLY,799.0900268554688,N/A,0.23080838961721695,N/A,0.14627328501908748,N/A,-0.07570494463566027,N/A,0.0059038296793426275,N/A,N/A
334,OXY,64.43000030517578,N/A,0.48567697464039494,N/A,-0.08884638141753366,N/A,-0.0709204401333919,N/A,-0.03112781495976269,N/A,N/A
335,ODFL,320.8999938964844,N/A,0.02620923648244365,N/A,0.184875223165893,N/A,0.06153987953147585,N/A,-0.006070716545885637,N/A,N/A
336,OMC,86.13999938964844,N/A,0.06730707058408482,N/A,0.3128732613694715,N/A,0.08985800189099144,N/A,0.018925933957817408,N/A,N/A
337,OKE,69.51000213623047,N/A,0.11397908914495754,N/A,0.15328414486915162,N/A,0.038702989213276244,N/A,-0.0031550438851549144,N/A,N/A
338,ORCL,89.69999694824219,N/A,0.2012576611458804,N/A,0.22048793532175623,N/A,0.08438339193739455,N/A,0.01198545831643414,N/A,N/A
339,OGN,31.40999984741211,N/A,-0.1272156172882887,N/A,0.12395589896311825,N/A,0.22148861685335144,N/A,-0.018744095769523152,N/A,N/A
340,OTIS,82.11000061035156,N/A,0.06344344185691708,N/A,0.1452857132063497,N/A,0.05538300323283502,N/A,0.009342374314515066,N/A,N/A
341,PCAR,111.08000183105469,N/A,0.26235220368991147,N/A,0.3143601887691117,N/A,0.08209517189876459,N/A,0.08635698612278422,N/A,N/A
342,PKG,130.02999877929688,N/A,-0.08429843998676573,N/A,-0.030694985987034525,N/A,-0.03403627626712625,N/A,-0.015297267896837415,N/A,N/A
343,PH,312.69000244140625,N/A,0.07360395533545612,N/A,0.19083022838309022,N/A,0.050828044695819884,N/A,0.0031439832318283538,N/A,N/A
344,PAYX,118.62000274658203,N/A,0.01594518725488018,N/A,-0.0257580912886471,N/A,-0.03702500069678642,N/A,-0.011417577644621028,N/A,N/A
345,PAYC,319.9200134277344,N/A,-0.05686736391400882,N/A,-0.08906605265394302,N/A,-0.056561463670178336,N/A,-0.006675548320524106,N/A,N/A
346,PYPL,79.58000183105469,N/A,-0.2890199087458163,N/A,-0.1483304821084824,N/A,0.0149215420775538,N/A,0.0010063123403105346,N/A,N/A
347,PENN,34.18000030517578,N/A,-0.33437193143439903,N/A,0.09446048050528433,N/A,-0.02870128902950911,N/A,0.007665157731892446,N/A,N/A
348,PNR,50.380001068115234,N/A,-0.11436974826544602,N/A,0.143096141816881,N/A,0.10556220178303806,N/A,0.0032035052681265467,N/A,N/A
349,PEP,170.69000244140625,N/A,0.07033584426273506,N/A,0.003709196616492004,N/A,-0.07414839511655849,N/A,0.009283392677080273,N/A,N/A
350,PKI,134.8699951171875,N/A,-0.24758950178099529,N/A,-0.0003310424262480565,N/A,-0.03427147307132142,N/A,-0.04126995903494411,N/A,N/A
351,PFE,44.709999084472656,N/A,-0.02399471845221604,N/A,-0.003024579332367303,N/A,-0.10047480334208136,N/A,-0.00600267809051756,N/A,N/A
352,PM,101.30000305175781,N/A,0.05657117765851002,N/A,0.08971220475594559,N/A,0.029306998144973617,N/A,0.0014829611825614144,N/A,N/A
353,PSX,107.01000213623047,N/A,0.3228501703547387,N/A,0.21995443571601098,N/A,-0.004496157846170902,N/A,0.0006545697889110527,N/A,N/A
354,PNW,74.05999755859375,N/A,0.08373546972477884,N/A,-0.004512575125407706,N/A,-0.054392264464117344,N/A,0.00406718294027713,N/A,N/A
355,PXD,237.74000549316406,N/A,0.0991654104530891,N/A,-0.004313578682246734,N/A,0.03143369513271844,N/A,-0.015365464907723348,N/A,N/A
356,PNC,158.4199981689453,N/A,-0.17546750874945877,N/A,0.021665215187880397,N/A,-0.05004030978188615,N/A,0.003139311374740307,N/A,N/A
357,POOL,364.260009765625,N/A,-0.19747572136654215,N/A,0.08033259851368274,N/A,0.10939966095478619,N/A,0.013861086070052316,N/A,N/A
358,PPG,130.97000122070312,N/A,-8.271240779313977e-05,N/A,0.04197831478421947,N/A,-0.026246227849250108,N/A,0.005141965873010575,N/A,N/A
359,PPL,29.489999771118164,N/A,0.16332338619454714,N/A,0.02986513390392297,N/A,0.006800496899781133,N/A,0.00579809270338959,N/A,N/A
360,PFG,89.7699966430664,N/A,0.3154324727999607,N/A,0.21988050361412806,N/A,0.008185642800836276,N/A,0.004813077264403365,N/A,N/A
361,PG,141.82000732421875,N/A,-0.06685916518159685,N/A,0.04192209369222484,N/A,-0.04324264452165406,N/A,0.01176840195993799,N/A,N/A
362,PGR,129.19000244140625,N/A,0.22362234209485557,N/A,0.054988100133328346,N/A,-0.021653266478568307,N/A,0.017058801164766282,N/A,N/A
363,PLD,126.4000015258789,N/A,-0.11114284248856597,N/A,0.028483417409170503,N/A,0.0802926528432251,N/A,0.002617607930939304,N/A,N/A
364,PRU,100.87999725341797,N/A,-0.0547590982134451,N/A,0.07800033687146202,N/A,-0.05562681035519601,N/A,0.00890088417504528,N/A,N/A
365,PTC,133.6199951171875,N/A,0.20075482191725974,N/A,0.16302546633337897,N/A,0.050389089527925736,N/A,-0.010075571591339818,N/A,N/A
366,PEG,60.95000076293945,N/A,-0.0282024654402153,N/A,-0.03663757407679066,N/A,0.015755591727419548,N/A,0.0009854060419191943,N/A,N/A
367,PSA,293.80999755859375,N/A,-0.11712245241939344,N/A,-0.1006704174672848,N/A,-0.007341447146539937,N/A,0.010177037624075699,N/A,N/A
368,PHM,51.619998931884766,N/A,0.05410560146473134,N/A,0.2788989986368805,N/A,0.15687666700122818,N/A,0.010967441118924044,N/A,N/A
369,PVH,89.69999694824219,N/A,-0.08151408068349371,N/A,0.5967502623527148,N/A,0.33603248343703346,N/A,-0.004660516927866752,N/A,N/A
370,QRVO,108.11000061035156,N/A,-0.20960665612525817,N/A,0.20416576164268735,N/A,0.08926952756021725,N/A,-0.012062502888997852,N/A,N/A
371,QCOM,130.6999969482422,N/A,-0.22366195727834334,N/A,1.0507310461253417e-05,N/A,0.03987141636363835,N/A,-0.0025185212098683828,N/A,N/A
372,PWR,151.50999450683594,N/A,0.393859029922386,N/A,0.07344642113318936,N/A,0.011442362042528345,N/A,0.013105927215526642,N/A,N/A
373,DGX,143.89999389648438,N/A,0.11793775482358508,N/A,0.15973687168411813,N/A,-0.04798232171808026,N/A,-0.016768554125985966,N/A,N/A
374,RL,126.30000305175781,N/A,-0.014532120464003002,N/A,0.40494131407685613,N/A,0.1247513464557995,N/A,-0.004492785390434422,N/A,N/A
375,RJF,117.0,N/A,0.08233019707392869,N/A,0.1292954937384929,N/A,0.004763238855659055,N/A,0.00679804596636383,N/A,N/A
376,RTX,99.47000122070312,N/A,-0.008763100535368641,N/A,0.12129171883500917,N/A,0.013505286069651741,N/A,0.03345455813717532,N/A,N/A
377,O,67.0999984741211,N/A,0.05765433877385213,N/A,0.002333934928357919,N/A,0.07231933152100394,N/A,0.0025399397604987956,N/A,N/A
378,REG,65.87999725341797,N/A,0.04154367095943949,N/A,0.10524976882293902,N/A,0.0016561211755919964,N/A,0.006723636852026127,N/A,N/A
379,REGN,727.469970703125,N/A,0.17645059178518657,N/A,0.2519704914461391,N/A,-0.03223365852125711,N/A,-0.003342881356853442,N/A,N/A
380,RF,22.829999923706055,N/A,-0.02350945114673544,N/A,0.07328207545105753,N/A,-0.007179382965399115,N/A,-0.005661984579717041,N/A,N/A
381,RSG,123.20999908447266,N/A,0.03917672685135465,N/A,-0.13028838588370018,N/A,-0.11208105388747464,N/A,-0.0008919932746008534,N/A,N/A
382,RMD,233.6199951171875,N/A,-0.04577328068956276,N/A,0.06647649526628686,N/A,0.016952372311220428,N/A,-0.012302894673519455,N/A,N/A
383,RHI,79.0999984741211,N/A,-0.32934735176879726,N/A,0.039122201002159365,N/A,0.009693954815107339,N/A,-0.008150489352713558,N/A,N/A
384,ROK,277.9800109863281,N/A,0.06240610922215048,N/A,0.1839389244277918,N/A,0.05699905925640293,N/A,0.008562571333539132,N/A,N/A
385,ROL,36.31999969482422,N/A,0.1265092136796329,N/A,0.08203383589596142,N/A,-0.09909077059770313,N/A,0.004702577089066371,N/A,N/A
386,ROP,446.17999267578125,N/A,0.0014743574551017605,N/A,0.11185497939858155,N/A,0.01820535740090807,N/A,0.00869056117367869,N/A,N/A
387,ROST,117.72000122070312,N/A,0.30549603328712005,N/A,0.3729257247150541,N/A,0.003037886340458572,N/A,0.016755937656419723,N/A,N/A
388,RCL,63.97999954223633,N/A,-0.20738356572488886,N/A,0.5662179175543504,N/A,0.0675788289076777,N/A,0.009466684506304572,N/A,N/A
389,SPGI,367.7200012207031,N/A,-0.012375865132732918,N/A,0.04898140118809323,N/A,0.04476896674040501,N/A,-0.00819939708935602,N/A,N/A
390,CRM,154.86000061035156,N/A,-0.26442786534808926,N/A,-0.008070679901636908,N/A,-0.033634941589069815,N/A,-0.006479723734363338,N/A,N/A
391,SBAC,287.4100036621094,N/A,-0.04419311745233754,N/A,-0.11232231673779605,N/A,-0.037410648871939456,N/A,0.003982305837804935,N/A,N/A
392,SLB,55.470001220703125,N/A,0.4346346222699783,N/A,0.4657041748967535,N/A,0.07972023901102328,N/A,-0.006981729061710137,N/A,N/A
393,STX,62.22999954223633,N/A,-0.37060490403754975,N/A,-0.046946244009536835,N/A,0.19116853196327077,N/A,-0.01581527767261837,N/A,N/A
394,SEE,52.400001525878906,N/A,-0.2085567517811634,N/A,-0.01888884246298695,N/A,-0.011880016366583855,N/A,-0.025841222643429848,N/A,N/A
395,SRE,159.1199951171875,N/A,0.1360978874945745,N/A,-0.021615656569352586,N/A,-0.035486365862054996,N/A,0.002393786133765765,N/A,N/A
396,NOW,443.4100036621094,N/A,-0.2353945083302908,N/A,0.020224583874821053,N/A,0.06512134677895494,N/A,0.002192390415311928,N/A,N/A
397,SHW,249.36000061035156,N/A,-0.04326973458584824,N/A,0.07962393649122124,N/A,0.003221999939593256,N/A,0.013493770991766121,N/A,N/A
398,SPG,125.44999694824219,N/A,-0.031458917921133825,N/A,0.2705184158148693,N/A,0.06644235659697437,N/A,0.0038408875958268304,N/A,N/A
399,SWKS,107.30999755859375,N/A,-0.20598399970374004,N/A,0.10263633147349067,N/A,0.12967971594273717,N/A,-0.020983514633249628,N/A,N/A
400,SNA,240.9600067138672,N/A,0.17697677037625784,N/A,0.12060098320747151,N/A,0.00846696759320903,N/A,0.008918497954537715,N/A,N/A
401,SO,66.69999694824219,N/A,0.07049402017340468,N/A,-0.11769016434423529,N/A,-0.0034589683371886,N/A,-0.002393114876588896,N/A,N/A
402,LUV,36.68000030517578,N/A,-0.15823787673142028,N/A,0.004609813484451465,N/A,-0.07619188346737142,N/A,0.004883624880757201,N/A,N/A
403,SWK,87.62999725341797,N/A,-0.4444584119104059,N/A,0.013898889577130442,N/A,0.08308222780105294,N/A,-0.009494788693284028,N/A,N/A
404,SBUX,106.63999938964844,N/A,0.1893935925741431,N/A,0.28302569517827125,N/A,0.04944105463678537,N/A,0.004048585904174487,N/A,N/A
405,STT,87.02999877929688,N/A,0.054644182276956804,N/A,0.29685939634489067,N/A,0.10123705788727337,N/A,0.009394543576035738,N/A,N/A
406,STE,204.82000732421875,N/A,-0.1388164307895162,N/A,0.02238244160734606,N/A,0.10585512144557914,N/A,-0.009813868597523687,N/A,N/A
407,SYK,255.75,N/A,-0.01658451408719693,N/A,0.2544611806573185,N/A,0.09686693158134772,N/A,-0.006757506312347169,N/A,N/A
408,SIVB,288.3500061035156,N/A,-0.5241749074199412,N/A,-0.29068677089377276,N/A,0.24406768324339,N/A,-0.034617818652698334,N/A,N/A
409,SYF,35.369998931884766,N/A,-0.1529054180970625,N/A,0.08691923381844785,N/A,-0.05880795081131846,N/A,0.023437428426138312,N/A,N/A
410,SNPS,349.2799987792969,N/A,0.11808951119124349,N/A,0.009421449248980212,N/A,0.02868583963378907,N/A,-0.0029971393634959645,N/A,N/A
411,SYY,78.11000061035156,N/A,-0.08109857092364275,N/A,-0.03763214301727735,N/A,-0.0912917673331215,N/A,-0.008046058754715351,N/A,N/A
412,TMUS,145.80999755859375,N/A,0.18342665889175566,N/A,0.01285072769136207,N/A,-0.03730363729579936,N/A,0.009974388654909743,N/A,N/A
413,TROW,117.4800033569336,N/A,-0.15367161466755164,N/A,-0.0006695587207605906,N/A,-0.04986776311413393,N/A,-0.010027764644586705,N/A,N/A
414,TTWO,111.2699966430664,N/A,-0.31314816886996044,N/A,-0.09211815551913499,N/A,0.052795856493178375,N/A,0.005421509750141633,N/A,N/A
415,TPR,43.560001373291016,N/A,0.09785553177620232,N/A,0.2756694419950995,N/A,0.16278844558846306,N/A,-0.014925369271656818,N/A,N/A
416,TGT,163.5500030517578,N/A,-0.16398531672215313,N/A,0.03285146697705622,N/A,-0.014928705018449845,N/A,-0.006560176146647497,N/A,N/A
417,TEL,124.6500015258789,N/A,-0.1102524297688591,N/A,-0.0038399851717308073,N/A,-0.0072348317057772315,N/A,-0.0009617305475351894,N/A,N/A
418,TDY,410.32000732421875,N/A,-0.044389578792323255,N/A,0.11391036931606356,N/A,-0.023280168143789585,N/A,0.006228869862488292,N/A,N/A
419,TFX,235.6199951171875,N/A,-0.29578336297366226,N/A,0.0443824913529446,N/A,0.007968198487642207,N/A,-0.011163352676416462,N/A,N/A
420,TER,103.0199966430664,N/A,-0.12248657885144511,N/A,0.2201121238675614,N/A,0.10369885639195024,N/A,-0.004637713593561292,N/A,N/A
421,TSLA,143.88999938964844,N/A,-0.50407271501818,N/A,-0.4779216754207752,N/A,-0.2609655796353236,N/A,0.0009739087975543479,N/A,N/A
422,TXN,177.0399932861328,N/A,0.06387616281436746,N/A,0.08014991866170625,N/A,-0.01895164191785198,N/A,-0.006342284865160074,N/A,N/A
423,TXT,69.5999984741211,N/A,-0.04715743023809755,N/A,0.1163986037263335,N/A,-0.024668086480337505,N/A,0.008988041273053672,N/A,N/A
424,COO,343.1499938964844,N/A,-0.16088976137272026,N/A,0.1939189057899605,N/A,0.08481127660319593,N/A,-0.008551295871856913,N/A,N/A
425,HIG,76.38999938964844,N/A,0.12427276627676882,N/A,0.20164704274170606,N/A,0.005899516238261974,N/A,0.0035469867751486616,N/A,N/A
426,HSY,220.2899932861328,N/A,0.10888284523134886,N/A,-0.010474073593777106,N/A,-0.058904280413953895,N/A,0.014974198767668548,N/A,N/A
427,MOS,48.459999084472656,N/A,-0.0662827278851894,N/A,-0.09539276523453603,N/A,-0.05255923528723864,N/A,0.00227509025487228,N/A,N/A
428,TRV,193.25,N/A,0.14873322024532878,N/A,0.20835146520641046,N/A,0.023183554455132784,N/A,0.03697144970531689,N/A,N/A
429,DIS,106.0,N/A,-0.2860029960506605,N/A,-0.054246981903332415,N/A,0.08306934735119231,N/A,0.0029330830866960227,N/A,N/A
430,TMO,580.719970703125,N/A,0.06985899294554304,N/A,0.06604671841467259,N/A,0.03713729006167002,N/A,-0.03984662598665445,N/A,N/A
431,TJX,81.30000305175781,N/A,0.25205871149323,N/A,0.3155218658215483,N/A,0.019823489633188498,N/A,0.02690419264968483,N/A,N/A
432,TSCO,214.86000061035156,N/A,0.07377872817631638,N/A,0.17070283332722253,N/A,-0.046512001122430514,N/A,-0.0028772745938395365,N/A,N/A
433,TT,174.75999450683594,N/A,0.1552170136297212,N/A,0.14353793246468388,N/A,-0.016821409244242264,N/A,0.02228720460139749,N/A,N/A
434,TDG,694.25,N/A,0.07112224302078796,N/A,0.1892259685665063,N/A,0.10461416070007955,N/A,0.013503649635036497,N/A,N/A
435,TRMB,56.279998779296875,N/A,-0.19311829707101255,N/A,-0.11019764775815218,N/A,-0.058075334237709206,N/A,-0.009852240882964162,N/A,N/A
436,TFC,48.34000015258789,N/A,-0.19163213103886545,N/A,0.05500696259049994,N/A,0.044898065872891926,N/A,-0.010237510205525796,N/A,N/A
437,TWTR,53.70000076293945,N/A,0.5105485770856979,N/A,0.0954712415641068,N/A,0.29055515441593605,N/A,0.22490877226353118,N/A,N/A
438,TYL,319.0,N/A,-0.255125408102942,N/A,-0.1413421129588192,N/A,-0.06926530580263174,N/A,-0.01815941522721037,N/A,N/A
439,TSN,65.23999786376953,N/A,-0.2793472107829707,N/A,-0.12296390578910446,N/A,-0.008529110236671475,N/A,-0.013756668799975271,N/A,N/A
440,USB,46.66999816894531,N/A,-0.14021759327323463,N/A,0.04682862759610592,N/A,0.0397123608583555,N/A,-0.02097755482297147,N/A,N/A
441,UDR,40.630001068115234,N/A,-0.23348806434292121,N/A,-0.07643762949361374,N/A,-0.010260904505130035,N/A,0.027910845191820226,N/A,N/A
442,ULTA,501.5299987792969,N/A,0.3391989286496579,N/A,0.19448878131745928,N/A,0.07893039052245499,N/A,0.0021180041880797962,N/A,N/A
443,UAA,11.720000267028809,N/A,-0.3448853735674095,N/A,0.3919240096001703,N/A,0.17200002670288086,N/A,-0.018425403776055217,N/A,N/A
444,UA,10.34000015258789,N/A,-0.33845169053872715,N/A,0.36231883329572245,N/A,0.18577979770074815,N/A,-0.0226842885490395,N/A,N/A
445,UNP,203.17999267578125,N/A,-0.1550744094085732,N/A,-0.0843093781240121,N/A,-0.05978128743890179,N/A,-0.033074820565997726,N/A,N/A
446,UAL,49.29999923706055,N/A,0.11036030501768422,N/A,0.4081691402635159,N/A,0.11614220694539205,N/A,0.00040585345493300437,N/A,N/A
447,UPS,179.99000549316406,N/A,-0.1163069924332851,N/A,-0.058996212634910325,N/A,-0.042461799373775665,N/A,-0.0027149282245923357,N/A,N/A
448,URI,393.79998779296875,N/A,0.2244263222797491,N/A,0.34844533718192267,N/A,0.11548590531865813,N/A,0.004514932579606834,N/A,N/A
449,UNH,491.6000061035156,N/A,0.04628532071752558,N/A,-0.04749828554115464,N/A,-0.09976008503484998,N/A,0.011918257289926478,N/A,N/A
450,UHS,146.14999389648438,N/A,0.022069153914037264,N/A,0.49906109972939516,N/A,0.1186413756479168,N/A,-0.01522814978679233,N/A,N/A
451,VLO,145.02999877929688,N/A,0.7989372765271812,N/A,0.25789757146282044,N/A,0.09300384283177959,N/A,0.01362871766345583,N/A,N/A
452,VTR,51.0,N/A,-0.019668094804873214,N/A,0.08859293233203926,N/A,0.10700099461095079,N/A,0.006115631913386427,N/A,N/A
453,VRSN,215.50999450683594,N/A,0.00837541304467958,N/A,0.18269121426364326,N/A,0.0785746316003943,N/A,0.0,N/A,N/A
454,VRSK,183.35000610351562,N/A,0.04112035259384489,N/A,-0.01707388699155402,N/A,-0.0002817109522495776,N/A,-0.010843733816451488,N/A,N/A
455,VZ,40.41999816894531,N/A,-0.20277056688757547,N/A,-0.001498619974833588,N/A,0.05324368251698745,N/A,0.035968609227985913,N/A,N/A
456,VRTX,313.57000732421875,N/A,0.3632292909306793,N/A,0.11289748884184841,N/A,-0.008944331943291703,N/A,0.005644494337595022,N/A,N/A
457,VFC,30.260000228881836,N/A,-0.4520025021778342,N/A,-0.24794422493950116,N/A,-0.06130303223943615,N/A,-0.007543441914164807,N/A,N/A
458,VTRS,11.600000381469727,N/A,0.0977315049543516,N/A,0.24235085179830895,N/A,0.06318149020444215,N/A,-0.018612463539303323,N/A,N/A
459,V,223.88999938964844,N/A,0.04378869518650234,N/A,0.1312357452132481,N/A,0.034057276894987006,N/A,-0.001293573448154284,N/A,N/A
460,VNO,22.110000610351562,N/A,-0.4592758294036943,N/A,-0.1201435822670496,N/A,-0.10479401318281033,N/A,-0.01382691636429406,N/A,N/A
461,VMC,178.3000030517578,N/A,-0.008313820102824138,N/A,0.07575290290459855,N/A,-0.02525821745847737,N/A,-0.006408436422632326,N/A,N/A
462,WRB,70.77999877929688,N/A,0.20000463068747534,N/A,0.1030614186110662,N/A,-0.06440139606481407,N/A,0.01334280562758264,N/A,N/A
463,GWW,570.8300170898438,N/A,0.21231017710916034,N/A,0.034912223975758265,N/A,-0.05068129820194929,N/A,0.016218128003025026,N/A,N/A
464,WAB,104.98999786376953,N/A,0.1384995507637017,N/A,0.20160478265151943,N/A,0.04019670329902911,N/A,0.011172069847425338,N/A,N/A
465,WBA,35.900001525878906,N/A,-0.18505219371555556,N/A,0.04832351248646287,N/A,-0.1247575544656712,N/A,-0.02099800058671649,N/A,N/A
466,WMT,143.02000427246094,N/A,0.07478669868527543,N/A,0.08777360562028493,N/A,-0.05813435626974957,N/A,0.002664083598138864,N/A,N/A
467,WM,152.27000427246094,N/A,0.07144251392132593,N/A,-0.09225290526058792,N/A,-0.08858563717565827,N/A,-0.002619990183282376,N/A,N/A
468,WAT,334.0299987792969,N/A,0.05462061438098304,N/A,0.11865369039375953,N/A,-0.0362666102217684,N/A,-0.028135039523680735,N/A,N/A
469,WEC,92.87999725341797,N/A,0.05330176476542904,N/A,-0.08583351236497254,N/A,-0.055533009691790584,N/A,0.0005385696582692099,N/A,N/A
470,WFC,44.45000076293945,N/A,-0.14757781406907983,N/A,0.03052329013566526,N/A,-0.06702229184233276,N/A,-0.012880258318463102,N/A,N/A
471,WELL,74.87999725341797,N/A,-0.07277001270768073,N/A,-0.006661310655910923,N/A,0.06371664976657058,N/A,0.008077524016981053,N/A,N/A
472,WST,258.3299865722656,N/A,-0.3313216532182511,N/A,-0.1285604765115229,N/A,0.10179577353419743,N/A,-0.021884817310496588,N/A,N/A
473,WDC,41.099998474121094,N/A,-0.19316844165418878,N/A,-0.02744912194710244,N/A,0.11836730541826106,N/A,-0.01651118512299135,N/A,N/A
474,WU,14.140000343322754,N/A,-0.1729261633387245,N/A,-0.013303652094101889,N/A,-0.018711756081831992,N/A,-0.010496824277865326,N/A,N/A
475,WRK,36.5099983215332,N/A,-0.1739192129043228,N/A,-0.08799559609892273,N/A,-0.029636858902965583,N/A,-0.012976570293399605,N/A,N/A
476,WY,32.20000076293945,N/A,-0.1247357550357544,N/A,-0.04714021968395808,N/A,-0.01014442141840605,N/A,-0.004944370963977282,N/A,N/A
477,WHR,152.72999572753906,N/A,-0.20895150587324668,N/A,-0.002582402711727128,N/A,0.05467267340994021,N/A,0.004009996252508693,N/A,N/A
478,WMB,31.440000534057617,N/A,0.05672293486584389,N/A,-0.05224116506453121,N/A,-0.08240689558043128,N/A,-0.007575750277974386,N/A,N/A
479,WYNN,99.12999725341797,N/A,0.145746660883188,N/A,0.6360785113677537,N/A,0.1849150479814662,N/A,-0.011566493683517138,N/A,N/A
480,XEL,68.33999633789062,N/A,0.04328265067072047,N/A,-0.06721438929891489,N/A,-0.02009162990968284,N/A,0.00485214220401209,N/A,N/A
481,XYL,103.56999969482422,N/A,0.17950939819082762,N/A,0.1436747919752945,N/A,-0.07568663244299355,N/A,0.021198989989108817,N/A,N/A
482,YUM,128.50999450683594,N/A,0.06852774875911931,N/A,0.16623486917259458,N/A,0.0034118498428645193,N/A,0.014525904827412577,N/A,N/A
483,ZBRA,310.0799865722656,N/A,-0.24981857715316194,N/A,0.027980279518501357,N/A,0.14725465433151905,N/A,-0.024169256537422832,N/A,N/A
484,ZBH,125.4800033569336,N/A,0.024626294798974532,N/A,0.1850940240458528,N/A,0.0467774528304889,N/A,-0.0036525256118418088,N/A,N/A
485,ZION,51.77000045776367,N/A,-0.2496033532533106,N/A,-0.04493411012692391,N/A,0.007178389947804997,N/A,-0.01671416985016971,N/A,N/A
486,ZTS,165.88999938964844,N/A,-0.1364253917346386,N/A,0.0645442757878942,N/A,0.07875817904653871,N/A,-0.0028198093833438354,N/A,N/A
